pagina,material,espesor_mm,precio_rmb_m2
14,免漆板,18,201
14,免漆板板；油漆色处理,9,166
14,免漆板板；油漆色处理,18,201
14,免漆板板；油漆色处理,25,220
14,免漆板板；油漆色处理,40,423
14,免漆板板；油漆色处理,60,508
14,免漆板板；油漆色处理,70,545
14,近油漆色处理,18,233
14,近油漆色处理,25,256
14,免漆欧松板近油漆色处理,18,265
14,免漆欧松板近油漆色处理,25,305
14,免漆复合油漆色处理,9,197
14,免漆复合油漆色处理,18,280
14,免漆复合油漆色处理,25,344
15,免漆板,18,213
15,板；,9,179
15,板；,18,213
15,板；,25,242
15,板；,40,456
15,板；,60,543
15,板；,70,579
15,,18,241
15,,25,268
16,免漆欧松板,18,284
16,免漆欧松板,25,323
17,免漆复合,9,208
17,免漆复合,18,291
17,免漆复合,25,355
17,免漆板色处理,9,213
17,免漆板色处理,18,248
17,免漆板色处理,25,291
17,免漆板,9,274
17,免漆板,18,344
17,免漆板,25,410
18,,18,302
18,,25,331
18,免漆欧松板,18,324
18,免漆欧松板,25,366
19,面；,18,259
19,面；,25,366
19,,18,330
19,手奥尔良橡木,18,402
19,手奥尔良橡木,25,489
19,手,18,402
19,手,25,489
20,板双面贴巴新胡桃木皮,9,1020
20,板双面贴巴新胡桃木皮,18,1129
20,板双面贴巴新胡桃木皮,25,1190
20,板（封闭漆）双面贴巴新胡桃木皮,18,1273
20,板（封闭漆）双面贴巴新胡桃木皮,25,1349
20,双面贴巴新胡桃木皮,18,1771
20,双面贴巴新胡桃木皮,25,2011
20,桃木皮,18,1286
20,桃木皮,25,1374
21,木皮板双面贴巴新胡桃木皮,9,788
21,木皮板双面贴巴新胡桃木皮,18,848
21,木皮板双面贴巴新胡桃木皮,25,899
21,木皮板双面贴巴新胡桃木皮,40,962
21,木皮板双面贴巴新胡桃木皮,60,1021
21,木皮板双面贴巴新胡桃木皮,70,1048
21,双面铝蜂窝木皮板双面贴巴新胡桃木皮,18,1180
21,双面铝蜂窝木皮板双面贴巴新胡桃木皮,25,1341
21,木皮板双面贴巴新胡桃木皮,18,857
21,木皮板双面贴巴新胡桃木皮,25,916
21,多层木皮板双面贴巴新胡桃木皮,9,816
21,多层木皮板双面贴巴新胡桃木皮,18,896
21,多层木皮板双面贴巴新胡桃木皮,25,961
21,多层木皮板双面贴巴新胡桃木皮,40,1019
21,多层木皮板双面贴巴新胡桃木皮,60,1077
21,多层木皮板双面贴巴新胡桃木皮,70,1105
21,单面中纤木皮板面贴巴新胡桃木皮,9,544
21,单面中纤木皮板面贴巴新胡桃木皮,12,578
21,单面中纤木皮板面贴巴新胡桃木皮,15,592
21,单面中纤木皮板面贴巴新胡桃木皮,18,619
21,单面中纤木皮板面贴巴新胡桃木皮,25,683
21,单面复合单面贴巴新胡桃木皮,9,582
21,单面复合单面贴巴新胡桃木皮,12,626
21,单面复合单面贴巴新胡桃木皮,15,654
21,单面复合单面贴巴新胡桃木皮,18,683
21,单面复合单面贴巴新胡桃木皮,25,765
21,单面欧松木皮板单面贴巴新胡桃木皮,18,631
21,单面欧松木皮板单面贴巴新胡桃木皮,25,705
22,木皮板双面贴烟熏欧橡木皮,9,966
22,木皮板双面贴烟熏欧橡木皮,18,1027
22,木皮板双面贴烟熏欧橡木皮,25,1078
22,木皮板双面贴烟熏欧橡木皮,40,1140
22,木皮板双面贴烟熏欧橡木皮,60,1199
22,木皮板双面贴烟熏欧橡木皮,70,1226
22,双面铝蜂窝木皮板双面贴丝,18,1359
22,双面铝蜂窝木皮板双面贴丝,25,1519
22,木皮板双面贴烟熏欧橡木皮,18,1036
22,木皮板双面贴烟熏欧橡木皮,25,1094
22,多层木皮板双面贴烟熏欧橡木皮,9,994
22,多层木皮板双面贴烟熏欧橡木皮,18,1075
22,多层木皮板双面贴烟熏欧橡木皮,25,1139
22,多层木皮板双面贴烟熏欧橡木皮,40,1197
22,多层木皮板双面贴烟熏欧橡木皮,60,1255
22,多层木皮板双面贴烟熏欧橡木皮,70,1283
22,单面中纤木皮板单面贴烟熏欧橡木皮,9,662
22,单面中纤木皮板单面贴烟熏欧橡木皮,12,697
22,单面中纤木皮板单面贴烟熏欧橡木皮,15,711
22,单面中纤木皮板单面贴烟熏欧橡木皮,18,737
22,单面中纤木皮板单面贴烟熏欧橡木皮,25,801
22,单面复合单面贴烟熏欧橡木皮,9,700
22,单面复合单面贴烟熏欧橡木皮,12,746
22,单面复合单面贴烟熏欧橡木皮,15,773
22,单面复合单面贴烟熏欧橡木皮,18,801
22,单面复合单面贴烟熏欧橡木皮,25,883
22,单面欧松木皮板单面贴烟熏欧橡木皮,18,750
22,单面欧松木皮板单面贴烟熏欧橡木皮,25,824
23,木皮板双面贴烟熏尤加利木皮,9,926
23,木皮板双面贴烟熏尤加利木皮,18,985
23,木皮板双面贴烟熏尤加利木皮,25,1037
23,木皮板双面贴烟熏尤加利木皮,40,1100
23,木皮板双面贴烟熏尤加利木皮,60,1158
23,木皮板双面贴烟熏尤加利木皮,70,1186
23,双面铝蜂窝木皮板双面贴烟熏尤加利木皮,18,1318
23,双面铝蜂窝木皮板双面贴烟熏尤加利木皮,25,1479
23,木皮板双面贴烟熏尤加利木皮,18,995
23,木皮板双面贴烟熏尤加利木皮,25,1054
23,双面复合多层木皮板双面贴烟,9,954
23,双面复合多层木皮板双面贴烟,18,1034
23,双面复合多层木皮板双面贴烟,25,1098
23,双面复合多层木皮板双面贴烟,40,1156
23,双面复合多层木皮板双面贴烟,60,1215
23,双面复合多层木皮板双面贴烟,70,1243
23,单面中纤木皮板单面贴烟熏尤加利木皮,9,635
23,单面中纤木皮板单面贴烟熏尤加利木皮,12,670
23,单面中纤木皮板单面贴烟熏尤加利木皮,15,684
23,单面中纤木皮板单面贴烟熏尤加利木皮,18,711
23,单面中纤木皮板单面贴烟熏尤加利木皮,25,774
23,单面复合单面烟熏贴尤加利木皮,9,673
23,单面复合单面烟熏贴尤加利木皮,12,718
23,单面复合单面烟熏贴尤加利木皮,15,746
23,单面复合单面烟熏贴尤加利木皮,18,774
23,单面复合单面烟熏贴尤加利木皮,25,856
23,单面欧松木皮板单面贴烟熏尤加利木皮,18,723
23,单面欧松木皮板单面贴烟熏尤加利木皮,25,797
24,木皮板双面皮,9,954
24,木皮板双面皮,18,1015
24,木皮板双面皮,25,1065
24,木皮板双面皮,40,1128
24,木皮板双面皮,60,1187
24,木皮板双面皮,70,1215
24,双面铝蜂窝木皮板双面贴丝,18,1347
24,双面铝蜂窝木皮板双面贴丝,25,1507
24,木皮板皮,18,1024
24,木皮板皮,25,1082
24,多层木皮板双面贴白橡木皮,9,982
24,多层木皮板双面贴白橡木皮,18,1063
24,多层木皮板双面贴白橡木皮,25,1127
24,多层木皮板双面贴白橡木皮,40,1185
24,多层木皮板双面贴白橡木皮,60,1243
24,多层木皮板双面贴白橡木皮,70,1271
24,单面中纤木皮板单面皮,9,654
24,单面中纤木皮板单面皮,12,689
24,单面中纤木皮板单面皮,15,703
24,单面中纤木皮板单面皮,18,730
24,单面中纤木皮板单面皮,25,793
24,单面复合单面贴白橡木皮,9,692
24,单面复合单面贴白橡木皮,12,737
24,单面复合单面贴白橡木皮,15,765
24,单面复合单面贴白橡木皮,18,793
24,单面复合单面贴白橡木皮,25,875
24,单面欧松木皮板单面皮,18,742
24,单面欧松木皮板单面皮,25,816
25,木皮板双面皮,9,1175
25,木皮板双面皮,18,1241
25,木皮板双面皮,25,1297
25,木皮板双面皮,40,1365
25,木皮板双面皮,60,1431
25,木皮板双面皮,70,1461
25,双面铝蜂窝木皮板双面贴,18,1570
25,双面铝蜂窝木皮板双面贴,25,1733
25,木皮板双面皮,18,1251
25,木皮板双面皮,25,1316
25,多层木皮板双面贴白橡木皮,9,1201
25,多层木皮板双面贴白橡木皮,18,1289
25,多层木皮板双面贴白橡木皮,25,1360
25,多层木皮板双面贴白橡木皮,40,1428
25,多层木皮板双面贴白橡木皮,60,1493
25,多层木皮板双面贴白橡木皮,70,1523
25,单面中纤木皮板单面皮,9,714
25,单面中纤木皮板单面皮,12,752
25,单面中纤木皮板单面皮,15,768
25,单面中纤木皮板单面皮,18,797
25,单面中纤木皮板单面皮,25,867
25,单面复合单面贴白橡木皮,9,756
25,单面复合单面贴白橡木皮,12,805
25,单面复合单面贴白橡木皮,15,836
25,单面复合单面贴白橡木皮,18,867
25,单面复合单面贴白橡木皮,25,957
25,单面欧松木皮板单面皮,18,810
25,单面欧松木皮板单面皮,25,892
26,木皮板双面皮,9,1175
26,木皮板双面皮,18,1241
26,木皮板双面皮,25,1297
26,木皮板双面皮,40,1365
26,木皮板双面皮,60,1431
26,木皮板双面皮,70,1461
26,双面铝蜂窝木皮板双面贴丝,18,1570
26,双面铝蜂窝木皮板双面贴丝,25,1733
26,木皮板双面皮,18,1251
26,木皮板双面皮,25,1316
26,多层木皮板双面贴白橡木皮,9,1201
26,多层木皮板双面贴白橡木皮,18,1289
26,多层木皮板双面贴白橡木皮,25,1360
26,多层木皮板双面贴白橡木皮,40,1428
26,多层木皮板双面贴白橡木皮,60,1493
26,多层木皮板双面贴白橡木皮,70,1523
26,单面中纤木皮板单面皮,9,714
26,单面中纤木皮板单面皮,12,752
26,单面中纤木皮板单面皮,15,768
26,单面中纤木皮板单面皮,18,797
26,单面中纤木皮板单面皮,25,867
26,单面复合单面贴白橡木皮,9,756
26,单面复合单面贴白橡木皮,12,805
26,单面复合单面贴白橡木皮,15,836
26,单面复合单面贴白橡木皮,18,867
26,单面复合单面贴白橡木皮,25,957
26,单面欧松木皮板单面皮,18,810
26,单面欧松木皮板单面皮,25,892
27,木皮板双面皮拼）,18,1300
27,木皮板双面皮拼）,25,1351
27,双面贴,18,1632
27,双面贴,25,1792
27,双面皮,18,1320
27,双面皮,25,1379
27,单面中纤木皮板单面皮,9,844
27,单面中纤木皮板单面皮,12,879
27,单面中纤木皮板单面皮,15,893
27,单面中纤木皮板单面皮,18,920
27,单面中纤木皮板单面皮,25,983
27,单面复合单面贴白橡木皮,9,882
27,单面复合单面贴白橡木皮,12,927
27,单面复合单面贴白橡木皮,15,956
27,单面复合单面贴白橡木皮,18,983
27,单面复合单面贴白橡木皮,25,1065
27,单面欧松木皮板单面皮,18,932
27,单面欧松木皮板单面皮,25,1006
28,木皮板双面皮拼）,18,1300
28,木皮板双面皮拼）,25,1351
28,木皮板双面皮拼）,18,1632
28,木皮板双面皮拼）,25,1792
28,双面皮,18,1320
28,双面皮,25,1379
28,单面中纤木皮板单面,9,844
28,单面中纤木皮板单面,12,879
28,单面中纤木皮板单面,15,893
28,单面中纤木皮板单面,18,920
28,单面中纤木皮板单面,25,983
28,单面复合单面贴白,9,882
28,单面复合单面贴白,12,927
28,单面复合单面贴白,15,956
28,单面复合单面贴白,18,983
28,单面复合单面贴白,25,1065
28,单面欧松木皮板单面,18,932
28,单面欧松木皮板单面,25,1006
28,丝）丝）双面山,18,1311
28,丝）丝）双面山,25,1362
28,单面中纤木皮板单面,9,852
28,单面中纤木皮板单面,12,887
28,单面中纤木皮板单面,15,901
28,单面中纤木皮板单面,18,927
28,单面中纤木皮板单面,25,991
28,单面复合单面贴白,9,890
28,单面复合单面贴白,12,934
28,单面复合单面贴白,15,963
28,单面复合单面贴白,18,991
28,单面复合单面贴白,25,1073
28,单面欧松木皮板单面,18,939
28,单面欧松木皮板单面,25,1014
29,木皮板纹）双面贴红橡木皮,9,736
29,木皮板纹）双面贴红橡木皮,18,797
29,木皮板纹）双面贴红橡木皮,25,848
29,木皮板纹）双面贴红橡木皮,40,911
29,木皮板纹）双面贴红橡木皮,60,969
29,木皮板纹）双面贴红橡木皮,70,997
29,双面铝蜂窝木皮板双面贴红橡木皮,18,1129
29,双面铝蜂窝木皮板双面贴红橡木皮,25,1290
29,木皮板双面贴红橡木皮,18,806
29,木皮板双面贴红橡木皮,25,865
29,多层木皮板双面贴红橡木皮,9,765
29,多层木皮板双面贴红橡木皮,18,845
29,多层木皮板双面贴红橡木皮,25,910
29,多层木皮板双面贴红橡木皮,40,967
29,多层木皮板双面贴红橡木皮,60,1026
29,多层木皮板双面贴红橡木皮,70,1054
29,单面中纤木皮板单面贴红橡木皮,9,509
29,单面中纤木皮板单面贴红橡木皮,12,544
29,单面中纤木皮板单面贴红橡木皮,15,558
29,单面中纤木皮板单面贴红橡木皮,18,585
29,单面中纤木皮板单面贴红橡木皮,25,648
29,单面复合单面贴红橡木皮,9,547
29,单面复合单面贴红橡木皮,12,592
29,单面复合单面贴红橡木皮,15,620
29,单面复合单面贴红橡木皮,18,648
29,单面复合单面贴红橡木皮,25,730
29,单面欧松木皮板单面贴红橡木皮,18,597
29,单面欧松木皮板单面贴红橡木皮,25,671
30,木皮板桃木皮,9,1255
30,木皮板桃木皮,18,1315
30,木皮板桃木皮,25,1365
30,木皮板桃木皮,40,1427
30,木皮板桃木皮,60,1485
30,木皮板桃木皮,70,1513
30,双面铝蜂窝木皮板皮）,18,1626
30,双面铝蜂窝木皮板皮）,25,1779
30,木皮板桃木皮,18,1324
30,木皮板桃木皮,25,1382
30,多层木皮板双面贴北美胡桃,9,1278
30,多层木皮板双面贴北美胡桃,18,1357
30,多层木皮板双面贴北美胡桃,25,1421
30,多层木皮板双面贴北美胡桃,40,1483
30,多层木皮板双面贴北美胡桃,60,1541
30,多层木皮板双面贴北美胡桃,70,1569
30,单面中纤木皮板单面贴北美胡桃,9,742
30,单面中纤木皮板单面贴北美胡桃,12,776
30,单面中纤木皮板单面贴北美胡桃,15,790
30,单面中纤木皮板单面贴北美胡桃,18,817
30,单面中纤木皮板单面贴北美胡桃,25,880
30,单面复合单面贴北美胡桃木皮浅丝（AAA）,9,780
30,单面复合单面贴北美胡桃木皮浅丝（AAA）,12,824
30,单面复合单面贴北美胡桃木皮浅丝（AAA）,15,852
30,单面复合单面贴北美胡桃木皮浅丝（AAA）,18,880
30,单面复合单面贴北美胡桃木皮浅丝（AAA）,25,961
30,单面欧松木皮板单面贴北美胡桃木皮,18,829
30,单面欧松木皮板单面贴北美胡桃木皮,25,902
31,木皮板双面贴北美胡桃木皮,9,1686
31,木皮板双面贴北美胡桃木皮,18,1746
31,木皮板双面贴北美胡桃木皮,25,1796
31,木皮板双面贴北美胡桃木皮,40,1858
31,木皮板双面贴北美胡桃木皮,60,1916
31,木皮板双面贴北美胡桃木皮,70,1944
31,双面铝蜂窝木皮板双面贴,18,2058
31,双面铝蜂窝木皮板双面贴,25,2211
31,木皮板双面贴北美胡桃木皮,18,1755
31,木皮板双面贴北美胡桃木皮,25,1813
31,多层木皮板双面贴北美胡桃木皮,9,1709
31,多层木皮板双面贴北美胡桃木皮,18,1789
31,多层木皮板双面贴北美胡桃木皮,25,1852
31,多层木皮板双面贴北美胡桃木皮,40,1914
31,多层木皮板双面贴北美胡桃木皮,60,1972
31,多层木皮板双面贴北美胡桃木皮,70,2000
31,单面中纤木皮板单面贴北美胡桃木皮,9,958
31,单面中纤木皮板单面贴北美胡桃木皮,12,991
31,单面中纤木皮板单面贴北美胡桃木皮,15,1006
31,单面中纤木皮板单面贴北美胡桃木皮,18,1033
31,单面中纤木皮板单面贴北美胡桃木皮,25,1095
31,单面复合单面贴北美胡桃木皮,9,996
31,单面复合单面贴北美胡桃木皮,12,1040
31,单面复合单面贴北美胡桃木皮,15,1067
31,单面复合单面贴北美胡桃木皮,18,1095
31,单面复合单面贴北美胡桃木皮,25,1177
31,单面欧松木皮板单面贴北美胡桃木皮,18,1044
31,单面欧松木皮板单面贴北美胡桃木皮,25,1118
32,木皮板桃木皮级木皮）,9,1314
32,木皮板桃木皮级木皮）,18,1376
32,木皮板桃木皮级木皮）,25,1429
32,木皮板桃木皮级木皮）,40,1494
32,木皮板桃木皮级木皮）,60,1555
32,木皮板桃木皮级木皮）,70,1584
32,木皮板桃木皮级木皮）,18,1385
32,木皮板桃木皮级木皮）,25,1447
32,多层木皮板双面贴北美胡桃木皮,9,1338
32,多层木皮板双面贴北美胡桃木皮,18,1421
32,多层木皮板双面贴北美胡桃木皮,25,1488
32,多层木皮板双面贴北美胡桃木皮,40,1552
32,多层木皮板双面贴北美胡桃木皮,60,1614
32,多层木皮板双面贴北美胡桃木皮,70,1643
32,木皮板单面贴北美胡桃木皮级木皮）,9,776
32,木皮板单面贴北美胡桃木皮级木皮）,12,812
32,木皮板单面贴北美胡桃木皮级木皮）,15,827
32,木皮板单面贴北美胡桃木皮级木皮）,18,855
32,木皮板单面贴北美胡桃木皮级木皮）,25,921
32,单面复合单面贴北美胡桃木皮,9,815
32,单面复合单面贴北美胡桃木皮,12,862
32,单面复合单面贴北美胡桃木皮,15,892
32,单面复合单面贴北美胡桃木皮,18,921
32,单面复合单面贴北美胡桃木皮,25,1006
32,木皮板单面贴北美胡桃木皮级木皮）,18,867
32,木皮板单面贴北美胡桃木皮级木皮）,25,944
33,木皮板双面贴北美胡桃木皮木皮）,9,1765
33,木皮板双面贴北美胡桃木皮木皮）,18,1828
33,木皮板双面贴北美胡桃木皮木皮）,25,1880
33,木皮板双面贴北美胡桃木皮木皮）,40,1945
33,木皮板双面贴北美胡桃木皮木皮）,60,2007
33,木皮板双面贴北美胡桃木皮木皮）,70,2035
33,木皮板双面贴北美胡桃木皮木皮）,18,1838
33,木皮板双面贴北美胡桃木皮木皮）,25,1898
33,板双面贴北美胡桃木皮等级木皮）,9,1790
33,板双面贴北美胡桃木皮等级木皮）,18,1873
33,板双面贴北美胡桃木皮等级木皮）,25,1940
33,板双面贴北美胡桃木皮等级木皮）,40,2005
33,板双面贴北美胡桃木皮等级木皮）,60,2065
33,板双面贴北美胡桃木皮等级木皮）,70,2094
33,木皮板单面贴北美胡桃木皮木皮）,9,1002
33,木皮板单面贴北美胡桃木皮木皮）,12,1038
33,木皮板单面贴北美胡桃木皮木皮）,15,1053
33,木皮板单面贴北美胡桃木皮木皮）,18,1081
33,木皮板单面贴北美胡桃木皮木皮）,25,1147
33,单面复合单面贴北美胡桃木皮等级木皮）,9,1042
33,单面复合单面贴北美胡桃木皮等级木皮）,12,1089
33,单面复合单面贴北美胡桃木皮等级木皮）,15,1118
33,单面复合单面贴北美胡桃木皮等级木皮）,18,1147
33,单面复合单面贴北美胡桃木皮等级木皮）,25,1232
33,木皮板单面贴北美胡桃木皮木皮）,18,1093
33,木皮板单面贴北美胡桃木皮木皮）,25,1170
34,木皮板桃木皮木皮）,9,937
34,木皮板桃木皮木皮）,18,981
34,木皮板桃木皮木皮）,25,1015
34,木皮板桃木皮木皮）,40,1052
34,木皮板桃木皮木皮）,60,1095
34,木皮板桃木皮木皮）,70,1116
34,双面铝蜂窝木皮板（A等级木皮）,18,1192
34,双面铝蜂窝木皮板（A等级木皮）,25,1343
34,木皮板桃木皮木皮）,18,1011
34,木皮板桃木皮木皮）,25,1070
34,板双面贴北美胡桃木皮等级木皮）,9,977
34,板双面贴北美胡桃木皮等级木皮）,18,1040
34,板双面贴北美胡桃木皮等级木皮）,25,1123
34,板双面贴北美胡桃木皮等级木皮）,40,1191
34,板双面贴北美胡桃木皮等级木皮）,60,1238
34,板双面贴北美胡桃木皮等级木皮）,70,1263
34,木皮板单面贴北美胡桃木皮木皮）,9,566
34,木皮板单面贴北美胡桃木皮木皮）,12,597
34,木皮板单面贴北美胡桃木皮木皮）,15,612
34,木皮板单面贴北美胡桃木皮木皮）,18,636
34,木皮板单面贴北美胡桃木皮木皮）,25,697
34,单面复合单面贴北美胡桃木皮等级木皮）,9,600
34,单面复合单面贴北美胡桃木皮等级木皮）,12,643
34,单面复合单面贴北美胡桃木皮等级木皮）,15,670
34,单面复合单面贴北美胡桃木皮等级木皮）,18,697
34,单面复合单面贴北美胡桃木皮等级木皮）,25,774
34,木皮板单面贴北美胡桃木皮木皮）,18,647
34,木皮板单面贴北美胡桃木皮木皮）,25,718
35,木皮板双面贴北美胡桃木皮皮）,9,1012
35,木皮板双面贴北美胡桃木皮皮）,18,1069
35,木皮板双面贴北美胡桃木皮皮）,25,1117
35,木皮板双面贴北美胡桃木皮皮）,40,1176
35,木皮板双面贴北美胡桃木皮皮）,60,1232
35,木皮板双面贴北美胡桃木皮皮）,70,1258
35,双面铝蜂窝木皮板双面贴等级木皮）,18,1382
35,双面铝蜂窝木皮板双面贴等级木皮）,25,1534
35,木皮板双面贴北美胡桃木皮皮）,18,1078
35,木皮板双面贴北美胡桃木皮皮）,25,1133
35,板双面贴北美胡桃木皮级木皮）,9,1039
35,板双面贴北美胡桃木皮级木皮）,18,1114
35,板双面贴北美胡桃木皮级木皮）,25,1175
35,板双面贴北美胡桃木皮级木皮）,40,1230
35,板双面贴北美胡桃木皮级木皮）,60,1285
35,板双面贴北美胡桃木皮级木皮）,70,1311
35,木皮板单面贴北美胡桃木皮皮）,9,692
35,木皮板单面贴北美胡桃木皮皮）,12,725
35,木皮板单面贴北美胡桃木皮皮）,15,738
35,木皮板单面贴北美胡桃木皮皮）,18,763
35,木皮板单面贴北美胡桃木皮皮）,25,823
35,单面复合单面贴北美胡桃木皮级木皮）,9,728
35,单面复合单面贴北美胡桃木皮级木皮）,12,769
35,单面复合单面贴北美胡桃木皮级木皮）,15,796
35,单面复合单面贴北美胡桃木皮级木皮）,18,823
35,单面复合单面贴北美胡桃木皮级木皮）,25,900
35,木皮板单面贴北美胡桃木皮皮）,18,774
35,木皮板单面贴北美胡桃木皮皮）,25,844
36,木皮板双面贴白蜡木皮,9,907
36,木皮板双面贴白蜡木皮,18,967
36,木皮板双面贴白蜡木皮,25,1018
36,木皮板双面贴白蜡木皮,40,1081
36,木皮板双面贴白蜡木皮,60,1139
36,木皮板双面贴白蜡木皮,70,1167
36,双面铝蜂窝木皮板双面贴白蜡木皮,18,1299
36,双面铝蜂窝木皮板双面贴白蜡木皮,25,1460
36,木皮板双面贴白蜡木皮,18,976
36,木皮板双面贴白蜡木皮,25,1035
36,多层木皮板双面贴白蜡木皮,9,935
36,多层木皮板双面贴白蜡木皮,18,1015
36,多层木皮板双面贴白蜡木皮,25,1080
36,多层木皮板双面贴白蜡木皮,40,1137
36,多层木皮板双面贴白蜡木皮,60,1196
36,多层木皮板双面贴白蜡木皮,70,1224
36,单面中纤木皮板单面贴白蜡木皮,9,623
36,单面中纤木皮板单面贴白蜡木皮,12,657
36,单面中纤木皮板单面贴白蜡木皮,15,672
36,单面中纤木皮板单面贴白蜡木皮,18,698
36,单面中纤木皮板单面贴白蜡木皮,25,762
36,单面复合单面贴白蜡木皮,9,660
36,单面复合单面贴白蜡木皮,12,705
36,单面复合单面贴白蜡木皮,15,734
36,单面复合单面贴白蜡木皮,18,762
36,单面复合单面贴白蜡木皮,25,844
36,单面欧松木皮板单面贴白蜡木皮,18,710
36,单面欧松木皮板单面贴白蜡木皮,25,785
37,木皮板双面贴浅烟薰尤加利木皮,9,926
37,木皮板双面贴浅烟薰尤加利木皮,18,985
37,木皮板双面贴浅烟薰尤加利木皮,25,1037
37,木皮板双面贴浅烟薰尤加利木皮,40,1100
37,木皮板双面贴浅烟薰尤加利木皮,60,1158
37,木皮板双面贴浅烟薰尤加利木皮,70,1186
37,窝木皮板双面贴浅烟薰尤加利木皮丝,18,1318
37,窝木皮板双面贴浅烟薰尤加利木皮丝,25,1479
37,木皮板尤加利木皮,18,995
37,木皮板尤加利木皮,25,1054
37,多层木皮板双面贴浅烟薰尤加利木皮,9,954
37,多层木皮板双面贴浅烟薰尤加利木皮,18,1034
37,多层木皮板双面贴浅烟薰尤加利木皮,25,1098
37,多层木皮板双面贴浅烟薰尤加利木皮,40,1156
37,多层木皮板双面贴浅烟薰尤加利木皮,60,1215
37,多层木皮板双面贴浅烟薰尤加利木皮,70,1243
37,单面中纤木皮板单面贴浅烟薰尤加利木皮,9,635
37,单面中纤木皮板单面贴浅烟薰尤加利木皮,12,670
37,单面中纤木皮板单面贴浅烟薰尤加利木皮,15,684
37,单面中纤木皮板单面贴浅烟薰尤加利木皮,18,711
37,单面中纤木皮板单面贴浅烟薰尤加利木皮,25,774
37,单面复合单面贴浅烟薰尤加利木皮,9,673
37,单面复合单面贴浅烟薰尤加利木皮,12,718
37,单面复合单面贴浅烟薰尤加利木皮,15,746
37,单面复合单面贴浅烟薰尤加利木皮,18,774
37,单面复合单面贴浅烟薰尤加利木皮,25,856
37,单面欧松木皮板单面贴浅烟薰尤加利木皮,18,723
37,单面欧松木皮板单面贴浅烟薰尤加利木皮,25,797
38,木皮板双面贴红橡木皮,18,1019
38,木皮板双面贴红橡木皮,25,1084
38,单面中纤木皮板单面贴红橡木皮,9,650
38,单面中纤木皮板单面贴红橡木皮,12,695
38,单面中纤木皮板单面贴红橡木皮,15,713
38,单面中纤木皮板单面贴红橡木皮,18,749
38,单面中纤木皮板单面贴红橡木皮,25,830
39,木皮板双面贴红橡木皮,9,723
39,木皮板双面贴红橡木皮,18,783
39,木皮板双面贴红橡木皮,25,834
39,木皮板双面贴红橡木皮,40,897
39,木皮板双面贴红橡木皮,60,955
39,木皮板双面贴红橡木皮,70,983
39,双面铝蜂窝木皮板双面贴红橡木皮,18,1115
39,双面铝蜂窝木皮板双面贴红橡木皮,25,1276
39,木皮板皮,18,792
39,木皮板皮,25,851
39,多层木皮板双面贴红橡木皮,9,751
39,多层木皮板双面贴红橡木皮,18,831
39,多层木皮板双面贴红橡木皮,25,896
39,多层木皮板双面贴红橡木皮,40,953
39,多层木皮板双面贴红橡木皮,60,1012
39,多层木皮板双面贴红橡木皮,70,1040
39,单面中纤木皮板单面贴红橡木皮,9,500
39,单面中纤木皮板单面贴红橡木皮,12,534
39,单面中纤木皮板单面贴红橡木皮,15,548
39,单面中纤木皮板单面贴红橡木皮,18,576
39,单面中纤木皮板单面贴红橡木皮,25,639
39,单面复合单面贴红橡木皮,9,538
39,单面复合单面贴红橡木皮,12,583
39,单面复合单面贴红橡木皮,15,610
39,单面复合单面贴红橡木皮,18,639
39,单面复合单面贴红橡木皮,25,721
39,单面欧松木皮板单面贴红橡木皮,18,587
39,单面欧松木皮板单面贴红橡木皮,25,662
40,木皮板皮,9,942
40,木皮板皮,18,1003
40,木皮板皮,25,1054
40,木皮板皮,40,1116
40,木皮板皮,60,1175
40,木皮板皮,70,1203
40,双面铝蜂窝木皮板双面贴欧橡木皮,18,1335
40,双面铝蜂窝木皮板双面贴欧橡木皮,25,1495
40,木皮板双面贴欧橡木皮,18,1012
40,木皮板双面贴欧橡木皮,25,1071
40,多层木皮板双面贴欧橡木皮,9,971
40,多层木皮板双面贴欧橡木皮,18,1051
40,多层木皮板双面贴欧橡木皮,25,1115
40,多层木皮板双面贴欧橡木皮,40,1173
40,多层木皮板双面贴欧橡木皮,60,1232
40,多层木皮板双面贴欧橡木皮,70,1259
40,单面中纤木皮板单面贴欧橡木皮,9,647
40,单面中纤木皮板单面贴欧橡木皮,12,680
40,单面中纤木皮板单面贴欧橡木皮,15,696
40,单面中纤木皮板单面贴欧橡木皮,18,722
40,单面中纤木皮板单面贴欧橡木皮,25,786
40,单面复合单面贴欧橡木皮,9,684
40,单面复合单面贴欧橡木皮,12,729
40,单面复合单面贴欧橡木皮,15,757
40,单面复合单面贴欧橡木皮,18,786
40,单面复合单面贴欧橡木皮,25,868
40,单面欧松木皮板单面贴欧橡木皮,18,734
40,单面欧松木皮板单面贴欧橡木皮,25,807
41,木皮板双面贴欧橡木皮,9,1131
41,木皮板双面贴欧橡木皮,18,1198
41,木皮板双面贴欧橡木皮,25,1254
41,木皮板双面贴欧橡木皮,40,1323
41,木皮板双面贴欧橡木皮,60,1387
41,木皮板双面贴欧橡木皮,70,1418
41,窝木皮板双面贴欧橡木皮丝,18,1527
41,窝木皮板双面贴欧橡木皮丝,25,1691
41,木皮板双面贴欧橡木皮,18,1208
41,木皮板双面贴欧橡木皮,25,1272
41,多层木皮板双面贴欧橡木皮,9,1157
41,多层木皮板双面贴欧橡木皮,18,1245
41,多层木皮板双面贴欧橡木皮,25,1316
41,多层木皮板双面贴欧橡木皮,40,1385
41,多层木皮板双面贴欧橡木皮,60,1449
41,多层木皮板双面贴欧橡木皮,70,1480
41,单面中纤木皮板单面贴欧橡木皮,9,693
41,单面中纤木皮板单面贴欧橡木皮,12,730
41,单面中纤木皮板单面贴欧橡木皮,15,746
41,单面中纤木皮板单面贴欧橡木皮,18,775
41,单面中纤木皮板单面贴欧橡木皮,25,845
41,单面复合单面贴欧橡木皮,9,734
41,单面复合单面贴欧橡木皮,12,783
41,单面复合单面贴欧橡木皮,15,814
41,单面复合单面贴欧橡木皮,18,845
41,单面复合单面贴欧橡木皮,25,936
41,单面欧松木皮板单面贴欧橡木皮,18,788
41,单面欧松木皮板单面贴欧橡木皮,25,870
42,木皮板皮,9,1131
42,木皮板皮,18,1198
42,木皮板皮,25,1254
42,木皮板皮,40,1323
42,木皮板皮,60,1387
42,木皮板皮,70,1418
42,双面铝蜂窝木皮板双面贴欧橡木皮,18,1527
42,双面铝蜂窝木皮板双面贴欧橡木皮,25,1691
42,木皮板双面贴欧橡木皮,18,1208
42,木皮板双面贴欧橡木皮,25,1272
42,多层木皮板双面贴欧橡木皮,9,1157
42,多层木皮板双面贴欧橡木皮,18,1245
42,多层木皮板双面贴欧橡木皮,25,1316
42,多层木皮板双面贴欧橡木皮,40,1385
42,多层木皮板双面贴欧橡木皮,60,1449
42,多层木皮板双面贴欧橡木皮,70,1480
42,单面中纤木皮板单面贴欧橡木皮,9,693
42,单面中纤木皮板单面贴欧橡木皮,12,730
42,单面中纤木皮板单面贴欧橡木皮,15,746
42,单面中纤木皮板单面贴欧橡木皮,18,775
42,单面中纤木皮板单面贴欧橡木皮,25,845
42,单面复合单面贴欧橡木皮,9,734
42,单面复合单面贴欧橡木皮,12,783
42,单面复合单面贴欧橡木皮,15,814
42,单面复合单面贴欧橡木皮,18,845
42,单面复合单面贴欧橡木皮,25,936
42,单面欧松木皮板单面贴欧橡木皮,18,788
42,单面欧松木皮板单面贴欧橡木皮,25,870
43,木皮板双面贴榆木木皮,9,942
43,木皮板双面贴榆木木皮,18,1003
43,木皮板双面贴榆木木皮,25,1054
43,木皮板双面贴榆木木皮,40,1116
43,木皮板双面贴榆木木皮,60,1175
43,木皮板双面贴榆木木皮,70,1203
43,双面铝蜂窝木皮板双面贴榆木木皮,18,1335
43,双面铝蜂窝木皮板双面贴榆木木皮,25,1495
43,木皮板双面贴榆木木皮,18,1012
43,木皮板双面贴榆木木皮,25,1071
43,双面复合多层木皮板双面贴榆,9,971
43,双面复合多层木皮板双面贴榆,18,1051
43,双面复合多层木皮板双面贴榆,25,1115
43,双面复合多层木皮板双面贴榆,40,1173
43,双面复合多层木皮板双面贴榆,60,1232
43,双面复合多层木皮板双面贴榆,70,1259
43,单面中纤木皮板单面贴榆木木,9,647
43,单面中纤木皮板单面贴榆木木,12,680
43,单面中纤木皮板单面贴榆木木,15,696
43,单面中纤木皮板单面贴榆木木,18,722
43,单面中纤木皮板单面贴榆木木,25,786
43,单面复合单面贴榆,9,684
43,单面复合单面贴榆,12,729
43,单面复合单面贴榆,15,757
43,单面复合单面贴榆,18,786
43,单面复合单面贴榆,25,868
43,单面欧松木皮板单面贴榆木木,18,734
43,单面欧松木皮板单面贴榆木木,25,807
44,木皮板双面贴榆木木皮,9,1218
44,木皮板双面贴榆木木皮,18,1285
44,木皮板双面贴榆木木皮,25,1341
44,木皮板双面贴榆木木皮,40,1410
44,木皮板双面贴榆木木皮,60,1474
44,木皮板双面贴榆木木皮,70,1505
44,双面铝蜂窝木皮板双面贴榆木木皮,18,1614
44,双面铝蜂窝木皮板双面贴榆木木皮,25,1778
44,木皮板双面贴榆木木皮,18,1295
44,木皮板双面贴榆木木皮,25,1359
44,多层木皮板双面贴榆木木皮,9,1244
44,多层木皮板双面贴榆木木皮,18,1332
44,多层木皮板双面贴榆木木皮,25,1403
44,多层木皮板双面贴榆木木皮,40,1472
44,多层木皮板双面贴榆木木皮,60,1536
44,多层木皮板双面贴榆木木皮,70,1567
44,单面中纤木皮板单面贴榆木木皮,9,736
44,单面中纤木皮板单面贴榆木木皮,12,774
44,单面中纤木皮板单面贴榆木木皮,15,790
44,单面中纤木皮板单面贴榆木木皮,18,819
44,单面中纤木皮板单面贴榆木木皮,25,889
44,单面复合单面贴榆木木皮,9,778
44,单面复合单面贴榆木木皮,12,827
44,单面复合单面贴榆木木皮,15,858
44,单面复合单面贴榆木木皮,18,889
44,单面复合单面贴榆木木皮,25,979
44,单面欧松木皮板单面贴榆木木皮,18,832
44,单面欧松木皮板单面贴榆木木皮,25,914
45,木皮板双面贴东北桦木皮山纹,9,752
45,木皮板双面贴东北桦木皮山纹,18,813
45,木皮板双面贴东北桦木皮山纹,25,864
45,木皮板双面贴东北桦木皮山纹,40,926
45,木皮板双面贴东北桦木皮山纹,60,985
45,木皮板双面贴东北桦木皮山纹,70,1013
45,双面铝蜂窝木皮板双面贴东北桦木皮山纹,18,1145
45,双面铝蜂窝木皮板双面贴东北桦木皮山纹,25,1305
45,木皮板双面贴东北桦木皮山纹,18,822
45,木皮板双面贴东北桦木皮山纹,25,881
45,多层木皮板双面贴东北桦木皮山纹,9,781
45,多层木皮板双面贴东北桦木皮山纹,18,861
45,多层木皮板双面贴东北桦木皮山纹,25,925
45,多层木皮板双面贴东北桦木皮山纹,40,983
45,多层木皮板双面贴东北桦木皮山纹,60,1042
45,多层木皮板双面贴东北桦木皮山纹,70,1069
45,单面中纤木皮板单面贴东北桦木皮山纹,9,520
45,单面中纤木皮板单面贴东北桦木皮山纹,12,554
45,单面中纤木皮板单面贴东北桦木皮山纹,15,570
45,单面中纤木皮板单面贴东北桦木皮山纹,18,597
45,单面中纤木皮板单面贴东北桦木皮山纹,25,664
45,单面复合单面贴东北桦木皮山纹,9,558
45,单面复合单面贴东北桦木皮山纹,12,602
45,单面复合单面贴东北桦木皮山纹,15,633
45,单面复合单面贴东北桦木皮山纹,18,661
45,单面复合单面贴东北桦木皮山纹,25,746
45,单面欧松木皮板单面贴东北桦木皮山纹,18,607
45,单面欧松木皮板单面贴东北桦木皮山纹,25,681
46,单面中纤板,9,450
46,单面中纤板,12,489
46,单面中纤板,15,495
46,单面中纤板,18,526
46,单面中纤板,25,584
46,单面中纤板,40,634
46,单面中纤板,60,700
46,单面中纤板,70,734
46,单面多层板,9,493
46,单面多层板,12,563
46,单面多层板,15,595
46,单面多层板,18,614
46,单面多层板,25,734
46,单面欧松板,18,551
46,单面欧松板,25,614
47,板,9,709
47,板,18,785
47,板,25,844
47,板,40,875
47,板,60,919
47,板,70,938
47,双面多层板,9,722
47,双面多层板,18,842
47,双面多层板,25,962
47,双面多层板,40,1021
47,双面多层板,60,1067
47,双面多层板,70,1089
47,双面铝蜂漆板,18,1015
47,双面铝蜂漆板,25,1175
47,板,18,818
47,板,25,883
48,单面中纤板,9,438
48,单面中纤板,12,477
48,单面中纤板,15,483
48,单面中纤板,18,514
48,单面中纤板,25,572
48,单面中纤板,40,622
48,单面中纤板,60,689
48,单面中纤板,70,722
48,单面多层板,9,481
48,单面多层板,12,551
48,单面多层板,15,583
48,单面多层板,18,602
48,单面多层板,25,722
48,单面欧松板,18,539
48,单面欧松板,25,602
49,板,9,686
49,板,18,762
49,板,25,822
49,板,40,850
49,板,60,894
49,板,70,913
49,双面多层板,9,698
49,双面多层板,18,818
49,双面多层板,25,938
49,双面多层板,40,994
49,双面多层板,60,1041
49,双面多层板,70,1063
49,双面铝蜂漆板,18,991
49,双面铝蜂漆板,25,1152
49,板,18,793
49,板,25,858
49,双面指接板橡胶木指接板,18,738
49,双面指接板橡胶木指接板,25,814
49,双面指接清漆板双面清漆橡胶木指接板,18,689
49,双面指接清漆板双面清漆橡胶木指接板,25,765
50,单面中纤烤漆板,9,689
50,单面中纤烤漆板,18,733
50,单面中纤烤漆板,25,763
50,单面中纤烤漆板,40,795
50,单面中纤烤漆板,60,832
50,单面中纤烤漆板,70,850
50,烤漆板,9,1180
50,烤漆板,18,1224
50,烤漆板,25,1251
50,烤漆板,40,1298
50,烤漆板,60,1334
50,烤漆板,70,1352
